JOHANNESBURG_**_http://dbpedia.org/resource/Johannesburg	Continent	0.249715261506	Settlement	0.167696950601	NaturalPlace	0.15739762836	Sea	0.15739762836	BodyOfWater	0.15739762836	PopulatedPlace	0.131071463239	Place	0.130105750844	City	0.123982696458	Country	0.103533821745	Activity	0.0891576188179		GOLD_STANDARD:	Place	PopulatedPlace	Settlement
East Jerusalem_**_http://dbpedia.org/resource/East_Jerusalem	EthnicGroup	0.53476889717	Politician	0.450588306423	President	0.450588306423	Continent	0.30788788578	TopicalConcept	0.269387252933	Genre	0.269387252933	Country	0.262262248915	OfficeHolder	0.257012640567	NaturalPlace	0.244581591944	BodyOfWater	0.244581591944		GOLD_STANDARD:	Place	PopulatedPlace
PARIS_**_http://dbpedia.org/resource/Paris	Airline	0.22480386937	Continent	0.166182624127	Settlement	0.155853231546	Activity	0.152181858972	Sport	0.152181858972	City	0.133856920023	TradeUnion	0.13286536655	OfficeHolder	0.125219835386	PopulatedPlace	0.118352554459	Place	0.113632291902		GOLD_STANDARD:	Place	PopulatedPlace	Settlement
ASEAN_**_http://dbpedia.org/resource/ASEAN	Continent	0.237148499138	TopicalConcept	0.237024237399	Genre	0.237024237399	Country	0.22891210231	Politician	0.213214936493	President	0.213214936493	TradeUnion	0.183666668953	Airline	0.182551868263	MilitaryConflict	0.160951212817	SocietalEvent	0.160951212817		GOLD_STANDARD:	
Malaysia_**_http://dbpedia.org/resource/Malaysia	Country	0.27504491899	Continent	0.274373821386	Airline	0.242153636996	TopicalConcept	0.19409261567	Genre	0.19409261567	PopulatedPlace	0.186649513192	Place	0.180882052766	SocietalEvent	0.161685009214	Event	0.161685009214	MilitaryConflict	0.161685009214		GOLD_STANDARD:	Place	PopulatedPlace	Country
Jeremy Guscott_**_http://dbpedia.org/resource/Jeremy_Guscott	Athlete	0.484568283444	RugbyPlayer	0.484568283444	Person	0.250731647838	Language	0.221852626134	RugbyClub	0.200859961403	SportsTeam	0.200859961403	Activity	0.190863791484	Sport	0.190863791484	OfficeHolder	0.155864499101	Agent	0.110428719372		GOLD_STANDARD:	Agent	Person	Athlete	RugbyPlayer
CGT_**_http://dbpedia.org/resource/General_Confederation_of_Labour_(France)	TradeUnion	0.425271049305	PoliticalParty	0.381283497695	OfficeHolder	0.250797540566	Politician	0.208352686986	President	0.208352686986	Airline	0.199577450652	Organisation	0.186387513053	Agent	0.173460946994	EthnicGroup	0.168543472734	Person	0.147607814875		GOLD_STANDARD:	
Yugoslav_**_http://dbpedia.org/resource/Yugoslavia	TopicalConcept	0.236128691838	Genre	0.236128691838	SocietalEvent	0.212526951604	Event	0.212526951604	MilitaryConflict	0.212526951604	Country	0.207662893223	Airline	0.201249211087	EthnicGroup	0.194532357713	Continent	0.182433443862	PoliticalParty	0.168678053396		GOLD_STANDARD:	Place	PopulatedPlace
Corporacion Venezolana de Guayana_**_http://dbpedia.org/resource/Corporación_Venezolana_de_Guayana	TradeUnion	0.133809382801	City	0.13303570784	PoliticalParty	0.128132060565	Company	0.128108064959	Activity	0.122135914723	Sport	0.122135914723	OfficeHolder	0.107957874552	Organisation	0.0857186105492	Airline	0.0833572754893	Settlement	0.0777184786231		GOLD_STANDARD:	
Philippines_**_http://dbpedia.org/resource/Philippines	Country	0.284580052434	Airline	0.24567864932	Continent	0.241766052846	SocietalEvent	0.209293152586	Event	0.209293152586	MilitaryConflict	0.209293152586	PopulatedPlace	0.188409078293	Place	0.185558382682	TopicalConcept	0.172239142017	Genre	0.172239142017		GOLD_STANDARD:	Place	PopulatedPlace	Country
Conference Board_**_http://dbpedia.org/resource/The_Conference_Board	MilitaryConflict	0.227466720636	SocietalEvent	0.227466720636	Event	0.227466720636	TopicalConcept	0.219951236727	Genre	0.219951236727	WorldHeritageSite	0.201810945382	Continent	0.181654592516	TradeUnion	0.180145018665	Organisation	0.157060421298	EthnicGroup	0.141385819134		GOLD_STANDARD:	Agent	Organisation	Company
America_**_http://dbpedia.org/resource/United_States	Continent	0.374713362468	TopicalConcept	0.256114442249	Genre	0.256114442249	Airline	0.227457781681	NaturalPlace	0.166186065131	Sea	0.166186065131	BodyOfWater	0.166186065131	Country	0.138874912798	Language	0.137882133034	EthnicGroup	0.132817775698		GOLD_STANDARD:	Place	PopulatedPlace	Country
Socialist Party_**_http://dbpedia.org/resource/Socialist_Party_of_Serbia	PoliticalParty	0.474880490792	TradeUnion	0.351716481939	Airline	0.279799594513	OfficeHolder	0.266241370027	Politician	0.249303824024	President	0.249303824024	EthnicGroup	0.204138502937	Continent	0.204018414422	Organisation	0.199727635154	Agent	0.191759865416		GOLD_STANDARD:	Agent	Organisation	PoliticalParty
Balkan Airlines_**_http://dbpedia.org/resource/Balkan_Bulgarian_Airlines	Airline	0.462674810697	Continent	0.307678885944	TopicalConcept	0.254819104604	Genre	0.254819104604	Country	0.232683187561	SocietalEvent	0.215907089683	Event	0.215907089683	MilitaryConflict	0.215907089683	NaturalPlace	0.210114030788	BodyOfWater	0.210114030788		GOLD_STANDARD:	Agent	Organisation	Company	Airline
Paris_**_http://dbpedia.org/resource/Paris	Airline	0.374173302674	Continent	0.331560398303	OfficeHolder	0.251026098945	SocietalEvent	0.245609517452	Event	0.245609517452	MilitaryConflict	0.245609517452	Country	0.239822561337	TradeUnion	0.235810903841	EthnicGroup	0.232683254294	Politician	0.217755206211		GOLD_STANDARD:	Place	PopulatedPlace	Settlement
Rory Underwood_**_http://dbpedia.org/resource/Rory_Underwood	Athlete	0.519587994673	RugbyPlayer	0.519587994673	Person	0.252908738884	Language	0.207070473686	OfficeHolder	0.14461072967	RugbyClub	0.141866138995	SportsTeam	0.141866138995	Activity	0.131214115614	Sport	0.131214115614	WorldHeritageSite	0.126851502261		GOLD_STANDARD:	Agent	Person	Athlete	RugbyPlayer
Israeli_**_http://dbpedia.org/resource/Israel	EthnicGroup	0.560387174692	Politician	0.552479155645	President	0.552479155645	OfficeHolder	0.335496668691	Country	0.301238257174	Continent	0.251927146478	PopulatedPlace	0.243102208326	Place	0.2388102408	Airline	0.208303851037	Person	0.204486261787		GOLD_STANDARD:	Place	PopulatedPlace	Country
Palestinians_**_http://dbpedia.org/resource/State_of_Palestine	Politician	0.616248048032	President	0.616248048032	EthnicGroup	0.514723097613	OfficeHolder	0.312458314623	Country	0.270508594173	PopulatedPlace	0.221578516328	Place	0.217749014586	Airline	0.211639076263	Continent	0.200247141384	Person	0.18644544443		GOLD_STANDARD:	Place	PopulatedPlace	Country
International Labour Organisation_**_http://dbpedia.org/resource/International_Labour_Organization	TradeUnion	0.363749234585	SocietalEvent	0.357799839163	Event	0.357799839163	MilitaryConflict	0.357799839163	Continent	0.347122108064	Airline	0.313163021751	Organisation	0.291171996514	PoliticalParty	0.274662593849	Country	0.260957999063	TopicalConcept	0.259854532333		GOLD_STANDARD:	
CFDT_**_http://dbpedia.org/resource/French_Democratic_Confederation_of_Labour	TradeUnion	0.431951692246	PoliticalParty	0.328656584038	OfficeHolder	0.24676832421	Airline	0.188308037716	Organisation	0.187737162612	Agent	0.181116256078	Person	0.167874443008	EthnicGroup	0.153096893097	Continent	0.147028493066	Company	0.137638880371		GOLD_STANDARD:	
WTO_**_http://dbpedia.org/resource/World_Trade_Organization	TradeUnion	0.254670698526	Politician	0.243970538359	President	0.243970538359	TopicalConcept	0.197520230034	Genre	0.197520230034	Continent	0.181547032955	SocietalEvent	0.177524955658	Event	0.177524955658	MilitaryConflict	0.177524955658	Country	0.173918483046		GOLD_STANDARD:	Agent	Organisation
Palestinian Authority_**_http://dbpedia.org/resource/Palestinian_National_Authority	Politician	0.617275857618	President	0.617275857618	EthnicGroup	0.377340274205	Country	0.297054742996	OfficeHolder	0.28944586755	Airline	0.237211449438	PopulatedPlace	0.217416525058	Place	0.216374994467	WorldHeritageSite	0.215941963498	Continent	0.208714782206		GOLD_STANDARD:	Place	PopulatedPlace	Country
Old City_**_http://dbpedia.org/resource/Old_City_(Jerusalem)	Language	0.257559247687	TopicalConcept	0.185974124417	Genre	0.185974124417	EthnicGroup	0.175025157018	Athlete	0.14047896257	RugbyPlayer	0.14047896257	NaturalPlace	0.122480461297	BodyOfWater	0.122480461297	Sea	0.122480461297	SocietalEvent	0.109394916848		GOLD_STANDARD:	
Benjamin Netanyahu_**_http://dbpedia.org/resource/Benjamin_Netanyahu	Politician	0.679915820605	President	0.679915820605	EthnicGroup	0.427599354117	OfficeHolder	0.373233834943	Person	0.270135078601	Country	0.218553778863	Airline	0.182518893889	PopulatedPlace	0.181781003239	Place	0.179006010374	Agent	0.149065730757		GOLD_STANDARD:	Agent	Person	OfficeHolder
Gaza Strip_**_http://dbpedia.org/resource/Gaza_Strip	Politician	0.52757362924	President	0.52757362924	EthnicGroup	0.408774325995	Country	0.267836037826	PopulatedPlace	0.214126119977	Place	0.210775675982	OfficeHolder	0.199228021343	Continent	0.187695849169	Airline	0.152713026155	Person	0.133327170092		GOLD_STANDARD:	Place	PopulatedPlace	Country
CVG_**_http://dbpedia.org/resource/Corporación_Venezolana_de_Guayana	Company	0.11838680961	TradeUnion	0.0897033772106	City	0.089214224135	OfficeHolder	0.0791396110666	PoliticalParty	0.0689752561746	Organisation	0.065945065182	Agent	0.0509275703099	EthnicGroup	0.0315488583863	Politician	0.0289210888786	President	0.0289210888786		GOLD_STANDARD:	
ICFTU_**_http://dbpedia.org/resource/International_Confederation_of_Free_Trade_Unions	TradeUnion	0.350434425993	PoliticalParty	0.295411047566	OfficeHolder	0.214399291068	Organisation	0.197932209468	Politician	0.19312435242	President	0.19312435242	Agent	0.186333660664	EthnicGroup	0.183294464951	Person	0.163136563055	Company	0.112083744024		GOLD_STANDARD:	
London_**_http://dbpedia.org/resource/London	WorldHeritageSite	0.280501669621	Continent	0.276455836178	Language	0.244387214535	Country	0.175772765842	Airline	0.165130265904	Place	0.163410396537	PopulatedPlace	0.161733726831	TopicalConcept	0.158013090584	Genre	0.158013090584	Politician	0.153074473774		GOLD_STANDARD:	Place	PopulatedPlace	Settlement
JERUSALEM_**_http://dbpedia.org/resource/Jerusalem	Activity	0.649231601903	Sport	0.649231601903	Politician	0.265669215592	President	0.265669215592	City	0.263891494471	RugbyClub	0.16704139193	SportsTeam	0.16704139193	EthnicGroup	0.158318922708	OfficeHolder	0.14967160608	Person	0.141634257699		GOLD_STANDARD:	Place	PopulatedPlace	Settlement	City
CARACAS_**_http://dbpedia.org/resource/Caracas	Activity	0.180707435683	Sport	0.180707435683	City	0.128922344895	RugbyClub	0.064520470331	SportsTeam	0.064520470331	Settlement	0.0395832011586	Airline	0.0364104709995	Company	0.0322541681454	MilitaryConflict	0.0162238100403	SocietalEvent	0.0162238100403		GOLD_STANDARD:	Place	PopulatedPlace	Settlement	City
Victoria Falls_**_http://dbpedia.org/resource/Victoria_Falls,_Zimbabwe	WorldHeritageSite	0.303656893708	Language	0.232456336104	TopicalConcept	0.160739610101	Genre	0.160739610101	NaturalPlace	0.14125539549	BodyOfWater	0.14125539549	Sea	0.14125539549	Athlete	0.113347581102	RugbyPlayer	0.113347581102	RugbyClub	0.110890879163		GOLD_STANDARD:	Place	PopulatedPlace	Settlement
BELGRADE_**_http://dbpedia.org/resource/Belgrade	Activity	0.467962953983	Sport	0.467962953983	City	0.230807256383	RugbyClub	0.123617997586	SportsTeam	0.123617997586	Settlement	0.0918882476357	Athlete	0.0864309525236	RugbyPlayer	0.0864309525236	PoliticalParty	0.0595844961439	Politician	0.0374429712819		GOLD_STANDARD:	Place	PopulatedPlace	Settlement	City
Sidia Toure_**_http://dbpedia.org/resource/Sidya_Touré	PoliticalParty	0.363965498388	Activity	0.361773714207	Sport	0.361773714207	TradeUnion	0.1900822741	OfficeHolder	0.17871098871	Person	0.158797520793	City	0.155697734312	Agent	0.143392710082	Athlete	0.140847252625	RugbyPlayer	0.140847252625		GOLD_STANDARD:	
U.S._**_http://dbpedia.org/resource/United_States	Continent	0.365875307431	TopicalConcept	0.339486602871	Genre	0.339486602871	Airline	0.292677136976	SocietalEvent	0.259000569732	Event	0.259000569732	MilitaryConflict	0.259000569732	Country	0.247347270141	EthnicGroup	0.237087146586	PopulatedPlace	0.192999285367		GOLD_STANDARD:	Place	PopulatedPlace	Country
Commonwealth_**_http://dbpedia.org/resource/Commonwealth_of_Nations	TopicalConcept	0.349622031412	Genre	0.349622031412	Continent	0.223523787649	Airline	0.168410470608	Country	0.160732592402	SocietalEvent	0.157669844743	Event	0.157669844743	MilitaryConflict	0.157669844743	Organisation	0.12742562119	PopulatedPlace	0.122873551889		GOLD_STANDARD:	Place	PopulatedPlace	Country
East North Central_**_http://dbpedia.org/resource/East_North_Central_States	TopicalConcept	0.439500482274	Genre	0.439500482274	Continent	0.415858401923	Airline	0.337811114014	NaturalPlace	0.324899786275	BodyOfWater	0.324899786275	Sea	0.324899786275	SocietalEvent	0.254427320385	Event	0.254427320385	MilitaryConflict	0.254427320385		GOLD_STANDARD:	Place	PopulatedPlace	Settlement
Academic Staff Union of Universities_**_http://dbpedia.org/resource/Academic_Staff_Union_of_Universities	TradeUnion	0.335095146319	PoliticalParty	0.301513390765	SocietalEvent	0.25714519077	Event	0.25714519077	MilitaryConflict	0.25714519077	WorldHeritageSite	0.256737553204	TopicalConcept	0.23734334533	Genre	0.23734334533	Organisation	0.236127846191	Airline	0.23581536691		GOLD_STANDARD:	Agent	Organisation
Britain_**_http://dbpedia.org/resource/United_Kingdom	Continent	0.415874022585	Airline	0.378901355413	TopicalConcept	0.320983432519	Genre	0.320983432519	Language	0.310316952085	Country	0.274645873457	SocietalEvent	0.274353858132	Event	0.274353858132	MilitaryConflict	0.274353858132	Politician	0.260942597851		GOLD_STANDARD:	Place	PopulatedPlace	Country
Venezuela_**_http://dbpedia.org/resource/Venezuela	Continent	0.264981883973	Airline	0.258971579686	Country	0.229613909172	TopicalConcept	0.214797127841	Genre	0.214797127841	NaturalPlace	0.18590398589	Sea	0.18590398589	BodyOfWater	0.18590398589	SocietalEvent	0.176704507072	Event	0.176704507072		GOLD_STANDARD:	Place	PopulatedPlace	Country
Nigeria_**_http://dbpedia.org/resource/Nigeria	Continent	0.371822208544	Country	0.306622081896	Airline	0.28152864047	TopicalConcept	0.236745372588	Genre	0.236745372588	PopulatedPlace	0.231328076475	Place	0.227376181486	NaturalPlace	0.202559293778	Sea	0.202559293778	BodyOfWater	0.202559293778		GOLD_STANDARD:	Place	PopulatedPlace	Country
France_**_http://dbpedia.org/resource/France	Airline	0.538838026453	Continent	0.392003358778	Country	0.27316622611	Politician	0.27193375923	President	0.27193375923	OfficeHolder	0.265842315148	TradeUnion	0.253046717664	SocietalEvent	0.248344623994	Event	0.248344623994	MilitaryConflict	0.248344623994		GOLD_STANDARD:	Place	PopulatedPlace	Country
Gaza_**_http://dbpedia.org/resource/Gaza_Strip	Politician	0.535012700018	President	0.535012700018	EthnicGroup	0.400765108536	Country	0.281441247188	OfficeHolder	0.234574024394	PopulatedPlace	0.222003140865	Place	0.218884738726	Continent	0.21287290135	Airline	0.190371982973	Person	0.161693427693		GOLD_STANDARD:	Place	PopulatedPlace	Country
SINGAPORE_**_http://dbpedia.org/resource/Singapore	Activity	0.420562929465	Sport	0.420562929465	City	0.162415238799	Settlement	0.120792609371	Continent	0.0743181883309	PopulatedPlace	0.0649308398751	Place	0.0592141425908	RugbyClub	0.043415681091	SportsTeam	0.043415681091	Politician	0.0341879174263		GOLD_STANDARD:	Place	PopulatedPlace	Country
Sidor_**_http://dbpedia.org/resource/SIDOR	TradeUnion	0.0799734010441	PoliticalParty	0.0365461364416	City	0.0290690247756	Company	0.0187132931402	Organisation	0.00777397520368	Agent	-0.00860702604489	Settlement	-0.0112415627117	WorldHeritageSite	-0.0235477372096	OfficeHolder	-0.0250080327823	Country	-0.0262268973572		GOLD_STANDARD:	Agent	Organisation	Company
Middle_**_http://dbpedia.org/resource/Middle_East	Continent	0.398969244043	Politician	0.357536765095	President	0.357536765095	Airline	0.305993464332	TopicalConcept	0.294335999157	Genre	0.294335999157	EthnicGroup	0.265972382388	NaturalPlace	0.258908155104	Sea	0.258908155104	BodyOfWater	0.258908155104		GOLD_STANDARD:	Place	PopulatedPlace
Christian Blanc_**_http://dbpedia.org/resource/Christian_Blanc	Airline	0.298594403384	PoliticalParty	0.265132389935	TradeUnion	0.242555473574	EthnicGroup	0.21915086162	OfficeHolder	0.216927870174	Person	0.191366364147	Politician	0.180655766374	President	0.180655766374	Athlete	0.168482507562	RugbyPlayer	0.168482507562		GOLD_STANDARD:	Agent	Person	OfficeHolder
West South Central_**_http://dbpedia.org/resource/West_South_Central_States	Continent	0.453629291893	TopicalConcept	0.439983466153	Genre	0.439983466153	Airline	0.322623960978	NaturalPlace	0.30635104238	BodyOfWater	0.30635104238	Sea	0.30635104238	SocietalEvent	0.284233314102	Event	0.284233314102	MilitaryConflict	0.284233314102		GOLD_STANDARD:	
NEW YORK_**_http://dbpedia.org/resource/New_York_City	Activity	0.346294975584	Sport	0.346294975584	RugbyClub	0.322395466725	SportsTeam	0.322395466725	City	0.166650257229	Settlement	0.112774563186	Airline	0.0798249414821	PopulatedPlace	0.0481968803932	WorldHeritageSite	0.0477150600409	Place	0.0465220270075		GOLD_STANDARD:	Place	PopulatedPlace	Settlement	City
Middle East_**_http://dbpedia.org/resource/Middle_East	Continent	0.411198598282	TopicalConcept	0.375802813558	Genre	0.375802813558	Politician	0.334601122833	President	0.334601122833	Airline	0.32018782708	EthnicGroup	0.310797154005	NaturalPlace	0.310309199717	BodyOfWater	0.310309199717	Sea	0.310309199717		GOLD_STANDARD:	Place	PopulatedPlace
Zimbabwe_**_http://dbpedia.org/resource/Zimbabwe	Continent	0.331576220813	Country	0.234327395399	Airline	0.213439341607	PopulatedPlace	0.184792056129	TopicalConcept	0.18468391105	Genre	0.18468391105	Place	0.183115352344	OfficeHolder	0.168497520443	TradeUnion	0.166543109113	Language	0.157309215876		GOLD_STANDARD:	Place	PopulatedPlace	Country
ENGLAND_**_http://dbpedia.org/resource/England_national_rugby_union_team	Activity	0.653397863123	Sport	0.653397863123	City	0.277996164714	Settlement	0.1137020168	Athlete	0.0547499158454	RugbyPlayer	0.0547499158454	Politician	0.0369432788721	President	0.0369432788721	RugbyClub	0.0332080850822	SportsTeam	0.0332080850822		GOLD_STANDARD:	Agent	Organisation	SportsTeam	RugbyClub
Brunei_**_http://dbpedia.org/resource/Brunei	Airline	0.193486080177	Country	0.162754702907	PopulatedPlace	0.118956706609	Place	0.115900203165	Company	0.106442582414	Continent	0.103631441572	SocietalEvent	0.098349160773	Event	0.098349160773	MilitaryConflict	0.098349160773	NaturalPlace	0.0887771076117		GOLD_STANDARD:	Place	PopulatedPlace	Country
Singapore_**_http://dbpedia.org/resource/Singapore	Continent	0.251568576493	Country	0.250831077011	Airline	0.230963067786	PopulatedPlace	0.183506502441	Place	0.179516507932	SocietalEvent	0.143914853416	Event	0.143914853416	MilitaryConflict	0.143914853416	TopicalConcept	0.138425234506	Genre	0.138425234506		GOLD_STANDARD:	Place	PopulatedPlace	Country
Jerusalem_**_http://dbpedia.org/resource/Jerusalem	EthnicGroup	0.559084613418	Politician	0.472447171329	President	0.472447171329	OfficeHolder	0.247800553096	Country	0.206916746781	WorldHeritageSite	0.20256611972	PopulatedPlace	0.18123051783	Place	0.180025778336	Person	0.152052524424	Continent	0.145981346395		GOLD_STANDARD:	Place	PopulatedPlace	Settlement	City
Bulgarian_**_http://dbpedia.org/resource/Bulgaria	PoliticalParty	0.214847438636	Continent	0.200418997536	Country	0.199242122811	Airline	0.197647336866	EthnicGroup	0.182423259881	NaturalPlace	0.171863970739	BodyOfWater	0.171863970739	Sea	0.171863970739	PopulatedPlace	0.163214695068	Place	0.161956949305		GOLD_STANDARD:	Place	PopulatedPlace	Country
Public Service Commission_**_http://dbpedia.org/resource/Public_utilities_commission	Airline	0.231641343781	TradeUnion	0.201662101589	WorldHeritageSite	0.20075373702	Organisation	0.187232056154	TopicalConcept	0.171417120299	Genre	0.171417120299	PoliticalParty	0.169368100921	Company	0.165148297006	Politician	0.150847237512	President	0.150847237512		GOLD_STANDARD:	
GMT_**_http://dbpedia.org/resource/Greenwich_Mean_Time	Politician	0.105186355855	President	0.105186355855	Continent	0.104269707093	TradeUnion	0.0801710153275	Settlement	0.0732665761924	Language	0.0657700592731	SocietalEvent	0.0632728273985	Event	0.0632728273985	MilitaryConflict	0.0632728273985	PopulatedPlace	0.057484378285		GOLD_STANDARD:	
SOFIA_**_http://dbpedia.org/resource/Sofia	Activity	0.39216318005	Sport	0.39216318005	PoliticalParty	0.228160178518	City	0.176120035727	NaturalPlace	0.100209388336	BodyOfWater	0.100209388336	Sea	0.100209388336	Airline	0.0784858511374	SocietalEvent	0.0514991838379	Event	0.0514991838379		GOLD_STANDARD:	Place	PopulatedPlace	Settlement	City
Bulgaria_**_http://dbpedia.org/resource/Bulgaria	Airline	0.272881534957	Continent	0.254034088389	Country	0.249304512229	TopicalConcept	0.220516082585	Genre	0.220516082585	SocietalEvent	0.218525547208	Event	0.218525547208	MilitaryConflict	0.218525547208	NaturalPlace	0.216678522419	BodyOfWater	0.216678522419		GOLD_STANDARD:	Place	PopulatedPlace	Country
Melbourne_**_http://dbpedia.org/resource/Melbourne	Language	0.180602958739	WorldHeritageSite	0.164348618593	Athlete	0.141987744638	RugbyPlayer	0.141987744638	Continent	0.140277385239	TopicalConcept	0.132309062224	Genre	0.132309062224	Country	0.131270401385	RugbyClub	0.11748948925	SportsTeam	0.11748948925		GOLD_STANDARD:	Place	PopulatedPlace	Settlement	City
Rugby Football Union_**_http://dbpedia.org/resource/Rugby_Football_Union	Language	0.320215048831	TopicalConcept	0.304799176864	Genre	0.304799176864	TradeUnion	0.293925134518	Continent	0.267427803239	Airline	0.249602404096	Politician	0.220455616817	President	0.220455616817	Organisation	0.217854625053	EthnicGroup	0.21591253114		GOLD_STANDARD:	Agent	Organisation
World War II_**_http://dbpedia.org/resource/World_War_II	EthnicGroup	0.327981867879	Airline	0.241715137536	NaturalPlace	0.218625673467	Sea	0.218625673467	BodyOfWater	0.218625673467	TopicalConcept	0.218579331496	Genre	0.218579331496	Continent	0.205709323454	Language	0.194961814255	Country	0.160434198137		GOLD_STANDARD:	Event	SocietalEvent	MilitaryConflict
Israel_**_http://dbpedia.org/resource/Israel	Politician	0.605560930362	President	0.605560930362	EthnicGroup	0.514221534173	OfficeHolder	0.358327895452	Country	0.341878639319	Airline	0.309031216856	Continent	0.285492841638	PopulatedPlace	0.269388034846	Place	0.265990887295	Person	0.225067533366		GOLD_STANDARD:	Place	PopulatedPlace	Country
World Trade Organisation_**_http://dbpedia.org/resource/World_Trade_Organization	SocietalEvent	0.563619906111	Event	0.563619906111	MilitaryConflict	0.563619906111	Continent	0.338354533741	TradeUnion	0.323278374941	Airline	0.272351921122	EthnicGroup	0.271433316003	TopicalConcept	0.262572791697	Genre	0.262572791697	Country	0.238540181505		GOLD_STANDARD:	Agent	Organisation
Association of Southeast Asian Nations_**_http://dbpedia.org/resource/ASEAN	Continent	0.479150112074	TopicalConcept	0.433048747356	Genre	0.433048747356	Airline	0.369240755643	SocietalEvent	0.32409392505	Event	0.32409392505	MilitaryConflict	0.32409392505	Country	0.307105192261	EthnicGroup	0.256286241714	Language	0.233162109531		GOLD_STANDARD:	
ILO_**_http://dbpedia.org/resource/International_Labour_Organization	TradeUnion	0.363139564932	Organisation	0.195055870052	OfficeHolder	0.185601938101	Continent	0.180783211138	Agent	0.170303504626	Politician	0.163492555399	President	0.163492555399	PoliticalParty	0.145317466397	Airline	0.1383042073	Country	0.135727100928		GOLD_STANDARD:	
Kragujevac_**_http://dbpedia.org/resource/Kragujevac	PoliticalParty	0.25514446143	TradeUnion	0.198637035377	EthnicGroup	0.173983914769	Activity	0.166575119107	Sport	0.166575119107	Politician	0.160656866425	President	0.160656866425	City	0.141058301911	OfficeHolder	0.13219617751	Organisation	0.12356551137		GOLD_STANDARD:	Place	PopulatedPlace	Settlement	City
Reuters_**_http://dbpedia.org/resource/Reuters	TradeUnion	0.126222116676	Politician	0.0977289021323	President	0.0977289021323	Continent	0.0958613703561	OfficeHolder	0.0929902243229	TopicalConcept	0.0830930379666	Genre	0.0830930379666	Airline	0.0809981964235	Company	0.0801744794808	Organisation	0.0751188653656		GOLD_STANDARD:	Agent	Organisation	Company
Montenegro_**_http://dbpedia.org/resource/Montenegro	PoliticalParty	0.293295226568	Airline	0.213128035015	Continent	0.150036592241	Country	0.142364581072	PopulatedPlace	0.129403550982	Place	0.126135992536	SocietalEvent	0.122474984223	Event	0.122474984223	MilitaryConflict	0.122474984223	TradeUnion	0.121704691584		GOLD_STANDARD:	Place	PopulatedPlace	Country
Red Cross_**_http://dbpedia.org/resource/International_Committee_of_the_Red_Cross	NaturalPlace	0.329534320679	Sea	0.329534320679	BodyOfWater	0.329534320679	WorldHeritageSite	0.189726857858	TopicalConcept	0.172788095522	Genre	0.172788095522	SocietalEvent	0.160690831519	Event	0.160690831519	MilitaryConflict	0.160690831519	Airline	0.139847048484		GOLD_STANDARD:	Agent	Organisation
Black Sea_**_http://dbpedia.org/resource/Black_Sea	Continent	0.22793370608	SocietalEvent	0.218625673467	Event	0.218625673467	MilitaryConflict	0.218625673467	TopicalConcept	0.190871271412	Genre	0.190871271412	Language	0.188791193697	Airline	0.186078808446	EthnicGroup	0.129789148618	Country	0.128949016337		GOLD_STANDARD:	
RUGBY UNION_**_http://dbpedia.org/resource/Rugby_union	RugbyClub	0.296995073689	SportsTeam	0.296995073689	City	0.282868996929	Settlement	0.114255534575	PoliticalParty	0.112715326786	Athlete	0.0823695362515	RugbyPlayer	0.0823695362515	Person	0.0388249672265	Politician	0.0365282528884	President	0.0365282528884		GOLD_STANDARD:	Activity	Sport
Lansana Conte_**_http://dbpedia.org/resource/Lansana_Conté	Activity	0.262195062205	Sport	0.262195062205	Athlete	0.232701519364	RugbyPlayer	0.232701519364	Person	0.197856732327	OfficeHolder	0.180294655481	PoliticalParty	0.151737331136	RugbyClub	0.15123538366	SportsTeam	0.15123538366	Politician	0.14628796841		GOLD_STANDARD:	
Jewish_**_http://dbpedia.org/resource/Jews	Politician	0.371826012862	President	0.371826012862	SocietalEvent	0.327981867879	Event	0.327981867879	MilitaryConflict	0.327981867879	OfficeHolder	0.285014292916	Continent	0.201529884582	Country	0.199055483717	TradeUnion	0.195498674469	PopulatedPlace	0.176187550231		GOLD_STANDARD:	EthnicGroup
Charles de Gaulle_**_http://dbpedia.org/resource/Paris-Charles_de_Gaulle_Airport	Airline	0.263278981443	OfficeHolder	0.234704909657	Person	0.194075838678	TradeUnion	0.190527844418	PoliticalParty	0.172368383556	Athlete	0.170887329872	RugbyPlayer	0.170887329872	WorldHeritageSite	0.164923796822	Continent	0.160677746548	SocietalEvent	0.158844447046		GOLD_STANDARD:	
Europe_**_http://dbpedia.org/resource/Europe	Airline	0.367873408828	TopicalConcept	0.359742282967	Genre	0.359742282967	Continent	0.319070613833	MilitaryConflict	0.247083319085	SocietalEvent	0.247083319085	Event	0.247083319085	Country	0.241593510949	NaturalPlace	0.213381368512	Sea	0.213381368512		GOLD_STANDARD:	Place	PopulatedPlace	Continent
Conakry_**_http://dbpedia.org/resource/Conakry	Airline	0.256421330376	Politician	0.13577682565	President	0.13577682565	NaturalPlace	0.123072961725	BodyOfWater	0.123072961725	Sea	0.123072961725	Continent	0.113149726613	Settlement	0.110791575852	Language	0.109671412782	PopulatedPlace	0.106226975235		GOLD_STANDARD:	
England_**_http://dbpedia.org/resource/England_national_rugby_union_team	Language	0.438274742242	Athlete	0.268747764393	RugbyPlayer	0.268747764393	WorldHeritageSite	0.243701558504	Continent	0.227437070968	NaturalPlace	0.224608549309	BodyOfWater	0.224608549309	Sea	0.224608549309	Airline	0.213904188251	SocietalEvent	0.212925380248		GOLD_STANDARD:	Agent	Organisation	SportsTeam	RugbyClub
Yugoslavia_**_http://dbpedia.org/resource/Yugoslavia	SocietalEvent	0.281730934507	Event	0.281730934507	MilitaryConflict	0.281730934507	Airline	0.267672975017	TopicalConcept	0.244069489394	Genre	0.244069489394	EthnicGroup	0.241711906096	Continent	0.239201638029	Country	0.236036160942	PopulatedPlace	0.186955969695		GOLD_STANDARD:	Place	PopulatedPlace
English_**_http://dbpedia.org/resource/English_language	WorldHeritageSite	0.257559247687	Athlete	0.253244701033	RugbyPlayer	0.253244701033	RugbyClub	0.215326665177	SportsTeam	0.215326665177	Continent	0.202073855844	SocietalEvent	0.194961814255	Event	0.194961814255	MilitaryConflict	0.194961814255	NaturalPlace	0.188791193697		GOLD_STANDARD:	Language
LONDON_**_http://dbpedia.org/resource/London	Activity	0.247151838678	Sport	0.247151838678	Settlement	0.152207257985	City	0.141492725931	RugbyClub	0.134837943188	SportsTeam	0.134837943188	Continent	0.131057651582	Airline	0.113137696029	PopulatedPlace	0.100591396395	Place	0.0990057980412		GOLD_STANDARD:	Place	PopulatedPlace	Settlement
Western_**_http://dbpedia.org/resource/Western_world	Continent	0.323839433017	Airline	0.240924896123	MilitaryConflict	0.218579331496	SocietalEvent	0.218579331496	Event	0.218579331496	NaturalPlace	0.190871271412	Sea	0.190871271412	BodyOfWater	0.190871271412	WorldHeritageSite	0.185974124417	Country	0.176205967785		GOLD_STANDARD:	TopicalConcept	Genre
Robert Mugabe_**_http://dbpedia.org/resource/Robert_Mugabe	Athlete	0.274082813733	RugbyPlayer	0.274082813733	Politician	0.257739948799	President	0.257739948799	Person	0.25084215982	OfficeHolder	0.225877058661	TradeUnion	0.22142821096	Continent	0.213375509861	Agent	0.192430983325	TopicalConcept	0.191329671363		GOLD_STANDARD:	Agent	Person	OfficeHolder
Air France_**_http://dbpedia.org/resource/Air_France	Airline	0.462674810697	Continent	0.318761962206	MilitaryConflict	0.26752318539	SocietalEvent	0.26752318539	Event	0.26752318539	TradeUnion	0.255775077429	Country	0.244444155032	OfficeHolder	0.236982476638	TopicalConcept	0.227030687641	Genre	0.227030687641		GOLD_STANDARD:	Agent	Organisation	Company	Airline
Vietnam_**_http://dbpedia.org/resource/Vietnam	SocietalEvent	0.276238936161	Event	0.276238936161	MilitaryConflict	0.276238936161	Country	0.264982973086	Airline	0.248841493927	Continent	0.236113719115	PopulatedPlace	0.191315468912	Place	0.18869499937	TopicalConcept	0.149376647775	Genre	0.149376647775		GOLD_STANDARD:	Place	PopulatedPlace	Country
New England_**_http://dbpedia.org/resource/New_England	WorldHeritageSite	0.402351229368	Language	0.395574929656	RugbyClub	0.368177586219	SportsTeam	0.368177586219	Continent	0.263214273332	Airline	0.2578589925	NaturalPlace	0.23233362979	BodyOfWater	0.23233362979	Sea	0.23233362979	SocietalEvent	0.213034383033		GOLD_STANDARD:	Place	PopulatedPlace	Settlement
Indonesia_**_http://dbpedia.org/resource/Indonesia	Country	0.277740535815	Continent	0.254021065563	Airline	0.25199182229	TopicalConcept	0.220352273508	Genre	0.220352273508	PopulatedPlace	0.194296778506	Place	0.188992317579	SocietalEvent	0.17245205142	Event	0.17245205142	MilitaryConflict	0.17245205142		GOLD_STANDARD:	Place	PopulatedPlace	Country
African_**_http://dbpedia.org/resource/Africa	Continent	0.319070613833	TopicalConcept	0.287936583067	Genre	0.287936583067	Country	0.282530953242	Airline	0.258567439322	NaturalPlace	0.242486043647	Sea	0.242486043647	BodyOfWater	0.242486043647	Language	0.2261444382	PopulatedPlace	0.223745773845		GOLD_STANDARD:	Place	PopulatedPlace	Continent
Cherbourg_**_http://dbpedia.org/resource/Cherbourg-Octeville	NaturalPlace	0.277441008873	Sea	0.277441008873	BodyOfWater	0.277441008873	SocietalEvent	0.189883023107	Event	0.189883023107	MilitaryConflict	0.189883023107	Language	0.151659749737	Airline	0.144699700039	TradeUnion	0.103686295293	Settlement	0.0978643084881		GOLD_STANDARD:	Place	PopulatedPlace	Settlement
Johannesburg_**_http://dbpedia.org/resource/Johannesburg	Continent	0.328140612822	WorldHeritageSite	0.187177837332	Country	0.180758172145	Airline	0.166506813219	PopulatedPlace	0.162284993311	Place	0.161996811434	TopicalConcept	0.144397127127	Genre	0.144397127127	EthnicGroup	0.132572451546	Language	0.12470290988		GOLD_STANDARD:	Place	PopulatedPlace	Settlement
Zimbabwean_**_http://dbpedia.org/resource/Zimbabwe	Continent	0.311245367187	Country	0.208008773769	OfficeHolder	0.195954407337	Language	0.189369947957	PopulatedPlace	0.181018914364	TopicalConcept	0.179782301545	Genre	0.179782301545	Place	0.178967226791	TradeUnion	0.172606185909	Person	0.155572423205		GOLD_STANDARD:	Place	PopulatedPlace	Country
Palestinian_**_http://dbpedia.org/resource/State_of_Palestine	Politician	0.703696815651	President	0.703696815651	EthnicGroup	0.527452229003	OfficeHolder	0.341732240149	Country	0.312068980775	Continent	0.247430908203	PopulatedPlace	0.244309252694	Place	0.240788357534	Person	0.227785653552	Airline	0.226757730993		GOLD_STANDARD:	Place	PopulatedPlace	Country
Alain Juppe_**_http://dbpedia.org/resource/Alain_Juppé	OfficeHolder	0.380467693347	Politician	0.295867078613	President	0.295867078613	TradeUnion	0.251907603292	Person	0.244758977073	PoliticalParty	0.234852174909	Airline	0.226840944807	EthnicGroup	0.198251127294	Continent	0.170248647248	Agent	0.156756239324		GOLD_STANDARD:	
Bill Jordan_**_http://dbpedia.org/resource/William_Jordan,_Baron_Jordan	Politician	0.478091251568	President	0.478091251568	OfficeHolder	0.317383068575	EthnicGroup	0.287639561627	Country	0.261539047729	Person	0.259613694779	Airline	0.252624785857	TopicalConcept	0.239728574487	Genre	0.239728574487	Continent	0.226428311262		GOLD_STANDARD:	
Will Carling_**_http://dbpedia.org/resource/Will_Carling	Athlete	0.441804959978	RugbyPlayer	0.441804959978	Language	0.392998912448	RugbyClub	0.257882881334	SportsTeam	0.257882881334	Person	0.24250766291	OfficeHolder	0.16421796349	WorldHeritageSite	0.163964963239	Activity	0.136135517599	Sport	0.136135517599		GOLD_STANDARD:	Agent	Person	Athlete	RugbyPlayer
Caracas_**_http://dbpedia.org/resource/Caracas	Country	0.206926862574	Continent	0.199647702005	PopulatedPlace	0.169213256642	Place	0.164990818967	EthnicGroup	0.155254898587	OfficeHolder	0.141352225586	Airline	0.138189715584	PoliticalParty	0.137641909483	TradeUnion	0.136310785449	Politician	0.12278923985		GOLD_STANDARD:	Place	PopulatedPlace	Settlement	City
Yasser Arafat_**_http://dbpedia.org/resource/Yasser_Arafat	OfficeHolder	0.425077987684	EthnicGroup	0.371826012862	Person	0.247429119353	Country	0.233884029021	Airline	0.211595893123	PopulatedPlace	0.190788524368	Place	0.187441533095	PoliticalParty	0.171416411445	TradeUnion	0.162862613498	Agent	0.16233303095		GOLD_STANDARD:	Agent	Person	Politician	President
Radical Cause_**_http://dbpedia.org/resource/Radical_Cause	PoliticalParty	0.474880490792	TradeUnion	0.27959425434	Activity	0.189295250399	Sport	0.189295250399	OfficeHolder	0.140833157254	Person	0.107734014731	EthnicGroup	0.104603056804	Agent	0.1032671005	Organisation	0.101033643385	Politician	0.0935289988657		GOLD_STANDARD:	Agent	Organisation	PoliticalParty
Thailand_**_http://dbpedia.org/resource/Thailand	Country	0.300534738146	Airline	0.242404084202	Continent	0.233781599267	PopulatedPlace	0.190391210823	Place	0.185709456467	SocietalEvent	0.17626530951	Event	0.17626530951	MilitaryConflict	0.17626530951	TopicalConcept	0.143075812302	Genre	0.143075812302		GOLD_STANDARD:	Place	PopulatedPlace	Country
Nigerian_**_http://dbpedia.org/resource/Nigeria	Continent	0.31592405278	Country	0.254319009461	PopulatedPlace	0.203334782993	Place	0.200689674154	NaturalPlace	0.177873198007	BodyOfWater	0.177873198007	Sea	0.177873198007	Airline	0.175586571094	Language	0.169002943366	EthnicGroup	0.167151344682		GOLD_STANDARD:	Place	PopulatedPlace	Country
Netanyahu_**_http://dbpedia.org/resource/Benjamin_Netanyahu	Politician	0.723735476646	President	0.723735476646	EthnicGroup	0.449642376301	OfficeHolder	0.352178566624	Country	0.254330372245	Person	0.248361120265	PopulatedPlace	0.204013247264	Place	0.200342370594	Airline	0.18905908089	PoliticalParty	0.156804477435		GOLD_STANDARD:	Agent	Person	OfficeHolder
Ivory Coast_**_http://dbpedia.org/resource/Côte_d'Ivoire	Continent	0.276193422098	Airline	0.220144243307	Country	0.214617686961	PopulatedPlace	0.180921033594	Place	0.178649020532	TopicalConcept	0.170136054348	Genre	0.170136054348	NaturalPlace	0.163696690187	BodyOfWater	0.163696690187	Sea	0.163696690187		GOLD_STANDARD:	
Serbia_**_http://dbpedia.org/resource/Serbia	PoliticalParty	0.302022255259	Airline	0.248159751474	Continent	0.233356091828	Country	0.227871857201	TopicalConcept	0.213969154297	Genre	0.213969154297	Politician	0.204290970738	President	0.204290970738	PopulatedPlace	0.192222355941	Place	0.187303785573		GOLD_STANDARD:	Place	PopulatedPlace	Country
Michel Hansenne_**_http://dbpedia.org/resource/Michel_Hansenne	TradeUnion	0.376254117621	Politician	0.283342925997	President	0.283342925997	OfficeHolder	0.277286123342	PoliticalParty	0.273951175246	Person	0.230893728339	Agent	0.212272754773	Organisation	0.20429233753	Airline	0.172504787445	Athlete	0.171389033921		GOLD_STANDARD:	Agent	Person	OfficeHolder
MELBOURNE_**_http://dbpedia.org/resource/Melbourne	Activity	0.814711166669	Sport	0.814711166669	RugbyClub	0.340113968449	SportsTeam	0.340113968449	City	0.241640794788	Athlete	0.13966575958	RugbyPlayer	0.13966575958	Settlement	0.118943560097	Person	0.0722151194759	Politician	0.0502372916204		GOLD_STANDARD:	Place	PopulatedPlace	Settlement	City
French_**_http://dbpedia.org/resource/France	Continent	0.392525585673	Airline	0.348589201162	Language	0.329279368422	TopicalConcept	0.24744051698	Genre	0.24744051698	EthnicGroup	0.246605917063	TradeUnion	0.234585972326	OfficeHolder	0.233374099892	Country	0.23322983686	MilitaryConflict	0.219078862413		GOLD_STANDARD:	Place	PopulatedPlace	Country
International Confederation of Free Trade Unions_**_http://dbpedia.org/resource/International_Confederation_of_Free_Trade_Unions	Continent	0.352717313814	TradeUnion	0.342071175966	Airline	0.339536558322	SocietalEvent	0.310312236106	Event	0.310312236106	MilitaryConflict	0.310312236106	Organisation	0.282896561829	EthnicGroup	0.277059867093	PoliticalParty	0.257270343258	TopicalConcept	0.245000620967		GOLD_STANDARD:	
Hebron_**_http://dbpedia.org/resource/Hebron	Politician	0.519895346525	President	0.519895346525	EthnicGroup	0.420788052852	OfficeHolder	0.277448533209	Country	0.240282726408	Person	0.190653166821	PopulatedPlace	0.186183207997	Place	0.183262443707	Continent	0.159860294864	Language	0.12922749881		GOLD_STANDARD:	Place	PopulatedPlace	Settlement
Towers Perrin_**_http://dbpedia.org/resource/Towers_Perrin	WorldHeritageSite	0.244235950325	Athlete	0.229478600571	RugbyPlayer	0.229478600571	Person	0.101415371456	Language	0.0857836424685	EthnicGroup	0.0605895251687	TopicalConcept	0.0541181196268	Genre	0.0541181196268	OfficeHolder	0.0349458552708	SocietalEvent	0.0321494362106		GOLD_STANDARD:	Agent	Organisation	Company
Dean Richards_**_http://dbpedia.org/resource/Dean_Richards_(rugby_union)	Athlete	0.310680480108	RugbyPlayer	0.310680480108	Language	0.191056791863	Person	0.163671905645	WorldHeritageSite	0.163393990579	NaturalPlace	0.144598189947	Sea	0.144598189947	BodyOfWater	0.144598189947	OfficeHolder	0.0987032691655	Agent	0.0903970161543		GOLD_STANDARD:	Agent	Person	Athlete	RugbyPlayer
Zastava_**_http://dbpedia.org/resource/Zastava_Arms	TradeUnion	0.279434093971	Airline	0.173400339982	PoliticalParty	0.155453789872	Continent	0.15402627888	Organisation	0.152146415588	City	0.145388161642	Country	0.139959763004	OfficeHolder	0.131850897727	PopulatedPlace	0.131007332451	SocietalEvent	0.128479706373		GOLD_STANDARD:	Agent	Organisation	Company
Toyota Australia_**_http://dbpedia.org/resource/Toyota_Australia	TopicalConcept	0.343148455287	Genre	0.343148455287	Continent	0.32672281443	Airline	0.250394296505	Country	0.220297557462	NaturalPlace	0.179079530574	BodyOfWater	0.179079530574	Sea	0.179079530574	PopulatedPlace	0.173575720486	Place	0.17271377041		GOLD_STANDARD:	Agent	Organisation	Company
