Hungary_**_http://dbpedia.org/resource/Hungary	Continent	0.388033172243	Country	0.307384422601	Politician	0.194527290514	President	0.194527290514	Legislature	0.136999650038	Bank	0.115038153385	PoliticalParty	0.112826331624	Company	0.0804272550584	PopulatedPlace	0.0788530679541	Place	0.0788530679541		GOLD_STANDARD:	Place	PopulatedPlace	Country
Siam Commercial Bank_**_http://dbpedia.org/resource/Siam_Commercial_Bank	Bank	0.33514635569	Company	0.213117005562	Continent	0.174344336137	Country	0.12409167108	Town	0.115785618591	Organisation	0.106303443023	Agent	0.0799620336833	LawFirm	0.0792308911106	Legislature	0.0708023691414	AdministrativeRegion	0.062013518024		GOLD_STANDARD:	Agent	Organisation	Company	Bank
Sidia Toure_**_http://dbpedia.org/resource/Sidya_Touré	PoliticalParty	0.215644794603	Legislature	0.134817101436	Organisation	0.0905419128567	Politician	0.0880509484788	President	0.0880509484788	Settlement	0.0878223413232	City	0.0858074477048	Agent	0.0844292251467	Person	0.0713306086253	AdministrativeRegion	0.064486828879		GOLD_STANDARD:	
Brazil_**_http://dbpedia.org/resource/Brazil	Country	0.333576111803	Continent	0.306342400744	Legislature	0.229893062475	Politician	0.147320636778	President	0.147320636778	Bank	0.0869694839981	PopulatedPlace	0.0816640251758	Place	0.0816640251758	PoliticalParty	0.0810763158096	Organisation	0.0600789897372		GOLD_STANDARD:	Place	PopulatedPlace	Country
Goldman, Sachs & Co_**_http://dbpedia.org/resource/Goldman_Sachs	LawFirm	0.555289992172	Town	0.254688100537	Bank	0.213829155104	Company	0.210172459053	GovernmentAgency	0.181869440641	Person	0.144919782951	AdministrativeRegion	0.140903534158	Region	0.140903534158	Agent	0.122035552562	Organisation	0.110593437367		GOLD_STANDARD:	Agent	Organisation	Company	Bank
Avalon Borough_**_http://dbpedia.org/resource/Avalon,_New_Jersey	Town	0.468015607805	Region	0.295497292732	AdministrativeRegion	0.295497292732	LawFirm	0.21528192332	Settlement	0.182658009496	GovernmentAgency	0.178851373161	City	0.149540530313	Person	0.113970180288	PopulatedPlace	0.112289850584	Place	0.112289850584		GOLD_STANDARD:	Place	PopulatedPlace	Settlement
CANBERRA_**_http://dbpedia.org/resource/Canberra	GovernmentAgency	0.14451586513	PoliticalParty	0.113179239311	OfficeHolder	0.0791241854697	City	0.0790467171585	LawFirm	0.0752189343231	Settlement	0.0748061303808	Person	0.0663887845472	Region	0.0646176926227	AdministrativeRegion	0.0646176926227	Agent	0.0405170441818		GOLD_STANDARD:	Place	PopulatedPlace	Settlement	City
Labor Party_**_http://dbpedia.org/resource/Australian_Labor_Party	PoliticalParty	0.586530644196	Legislature	0.442057725601	Politician	0.316565159548	President	0.316565159548	OfficeHolder	0.256872028929	Organisation	0.253163678029	Agent	0.246744873672	Person	0.233907264958	Continent	0.202632335588	Country	0.156425322885		GOLD_STANDARD:	Agent	Organisation	PoliticalParty
Reserve Bank of Australia_**_http://dbpedia.org/resource/Reserve_Bank_of_Australia	Continent	0.424233896182	Country	0.369145547366	Bank	0.36913113134	Legislature	0.313165192741	Politician	0.278314485637	President	0.278314485637	Company	0.27339598481	PoliticalParty	0.271618287246	Organisation	0.218582854959	Agent	0.205535750319		GOLD_STANDARD:	
Texas_**_http://dbpedia.org/resource/Texas	AdministrativeRegion	0.209517587065	Region	0.209517587065	Politician	0.205460786034	President	0.205460786034	LawFirm	0.179905365878	Continent	0.175370829391	Bank	0.163370976839	Town	0.149873023943	Country	0.144100711431	GovernmentAgency	0.141612557155		GOLD_STANDARD:	
N.J._**_http://dbpedia.org/resource/New_Jersey	Town	0.477749054719	AdministrativeRegion	0.332488459099	Region	0.332488459099	LawFirm	0.294100097969	GovernmentAgency	0.205079776215	Settlement	0.18653816451	City	0.139181872106	Person	0.130593702689	PopulatedPlace	0.125400168112	Place	0.125400168112		GOLD_STANDARD:	
Colo._**_http://dbpedia.org/resource/Colorado	Town	0.574844141319	Region	0.327806649278	AdministrativeRegion	0.327806649278	LawFirm	0.310194032886	Settlement	0.206857120245	GovernmentAgency	0.201140901571	City	0.155989254479	PopulatedPlace	0.121127232204	Place	0.121127232204	Person	0.11869150449		GOLD_STANDARD:	
Budapest_**_http://dbpedia.org/resource/Budapest	Continent	0.317899223283	Country	0.220684304912	PopulatedPlace	0.0872250665863	Place	0.0872250665863	Bank	0.077839419648	PoliticalParty	0.077235124131	City	0.0682826157925	Politician	0.0652563252444	President	0.0652563252444	OfficeHolder	0.0608842963981		GOLD_STANDARD:	Place	PopulatedPlace	Settlement	City
Howard_**_http://dbpedia.org/resource/John_Howard	OfficeHolder	0.391922581191	Politician	0.35994743596	President	0.35994743596	Person	0.350780580392	PoliticalParty	0.330650165292	Agent	0.230150071801	Organisation	0.181897868365	Legislature	0.180388163556	Country	0.164350476335	Continent	0.163132137399		GOLD_STANDARD:	Agent	Person	OfficeHolder
Alain Juppe_**_http://dbpedia.org/resource/Alain_Juppé	Continent	0.266294895345	OfficeHolder	0.25503444978	Politician	0.254924546609	President	0.254924546609	Person	0.212928945501	PoliticalParty	0.201315327942	Country	0.197716020675	Legislature	0.155027140528	Agent	0.119147026338	Organisation	0.0753821307284		GOLD_STANDARD:	
Italy_**_http://dbpedia.org/resource/Italy	Continent	0.549570545096	Country	0.352167499998	Politician	0.138100428375	President	0.138100428375	PoliticalParty	0.136654942148	Legislature	0.130549395796	PopulatedPlace	0.0844275786677	Place	0.0844275786677	OfficeHolder	0.0738520271753	Bank	0.0605544781239		GOLD_STANDARD:	Place	PopulatedPlace	Country
YMCA_**_http://dbpedia.org/resource/YMCA	Town	0.291933807689	GovernmentAgency	0.201654142668	AdministrativeRegion	0.190167223428	Region	0.190167223428	LawFirm	0.148047019216	Settlement	0.10305439989	City	0.0720687124031	PopulatedPlace	0.0697353362816	Place	0.0697353362816	Person	0.0658332281675		GOLD_STANDARD:	Agent	Organisation
Lansana Conte_**_http://dbpedia.org/resource/Lansana_Conté	GovernmentAgency	0.0990491778535	LawFirm	0.0958205966179	Town	0.0945279235557	Person	0.0944190103829	Settlement	0.0916224295221	OfficeHolder	0.0904608861846	City	0.0665610697676	AdministrativeRegion	0.0637802998289	Region	0.0637802998289	PopulatedPlace	0.0479413170807		GOLD_STANDARD:	
Ala_**_http://dbpedia.org/resource/Alabama	Town	0.172183365869	GovernmentAgency	0.142671193658	AdministrativeRegion	0.138046997572	Region	0.138046997572	Settlement	0.0961318226811	LawFirm	0.0764554152263	City	0.0634532962014	PopulatedPlace	0.0309549309196	Place	0.0309549309196	Organisation	0.000733139970987		GOLD_STANDARD:	
Ohio_**_http://dbpedia.org/resource/Ohio	Politician	0.242114105137	President	0.242114105137	Town	0.220642189514	Legislature	0.21332313902	AdministrativeRegion	0.205261502386	Region	0.205261502386	Bank	0.204669588914	PoliticalParty	0.181586049183	Person	0.175739977883	Agent	0.169883044567		GOLD_STANDARD:	
Italian_**_http://dbpedia.org/resource/Italy	Continent	0.441643908053	Country	0.344962722012	PopulatedPlace	0.107851079687	Place	0.107851079687	PoliticalParty	0.100168321851	Legislature	0.0780339074643	Politician	0.0778603119317	President	0.0778603119317	OfficeHolder	0.049035693541	Organisation	0.0480426223446		GOLD_STANDARD:	Place	PopulatedPlace	Country
HARTFORD_**_http://dbpedia.org/resource/Hartford,_Connecticut	Region	0.187702704969	AdministrativeRegion	0.187702704969	City	0.163817868497	Settlement	0.160332121567	LawFirm	0.129889018523	GovernmentAgency	0.125060061994	Town	0.09291781146	PopulatedPlace	0.0610596242341	Place	0.0610596242341	Person	-0.00182234210219		GOLD_STANDARD:	Place	PopulatedPlace	Settlement
KARACHI_**_http://dbpedia.org/resource/Karachi	City	0.0683375856418	Settlement	0.0384097717983	AdministrativeRegion	0.00526915704337	Region	0.00526915704337	GovernmentAgency	-0.00708986485882	PopulatedPlace	-0.00839845006663	Place	-0.00839845006663	Bank	-0.0674893135551	LawFirm	-0.0754003236828	Company	-0.0772982375401		GOLD_STANDARD:	Place	PopulatedPlace	Settlement	City
Robert W. Baird_**_http://dbpedia.org/resource/Robert_W._Baird	LawFirm	0.472434785186	Town	0.357438472689	OfficeHolder	0.262515287547	Person	0.24189073693	GovernmentAgency	0.225809597389	Region	0.164960575199	AdministrativeRegion	0.164960575199	Agent	0.145200061153	Company	0.143777650162	Politician	0.138767983841		GOLD_STANDARD:	Agent	Person
Telstra_**_http://dbpedia.org/resource/Telstra	PoliticalParty	0.269590236726	Country	0.181606670155	Legislature	0.17172637069	OfficeHolder	0.167792156269	President	0.155138377085	Politician	0.155138377085	Person	0.138391943561	Agent	0.138311074249	Organisation	0.138270639593	Bank	0.100649741031		GOLD_STANDARD:	Agent	Organisation	Company
Liberal Party_**_http://dbpedia.org/resource/Liberal_Party_of_Australia	PoliticalParty	0.568869276851	Legislature	0.415942403164	Politician	0.244416948914	President	0.244416948914	Organisation	0.233198679124	Agent	0.217840910627	OfficeHolder	0.205603694104	Person	0.187125373634	Continent	0.169218927272	Country	0.114753960307		GOLD_STANDARD:	Agent	Organisation	PoliticalParty
BANGKOK_**_http://dbpedia.org/resource/Bangkok	City	0.12732309443	Settlement	0.0887385357116	Bank	0.0725174392378	GovernmentAgency	0.041202610479	PopulatedPlace	0.038319096494	Place	0.038319096494	Region	0.0257858195525	AdministrativeRegion	0.0257858195525	Company	0.0190628371507	Organisation	-0.0121864310366		GOLD_STANDARD:	
N.Y._**_http://dbpedia.org/resource/New_York	Region	0.287349841835	AdministrativeRegion	0.287349841835	Town	0.274603232777	GovernmentAgency	0.228996972341	Settlement	0.150012518334	LawFirm	0.148059526246	City	0.128033892541	PopulatedPlace	0.124157037975	Place	0.124157037975	Person	0.0856375040183		GOLD_STANDARD:	
Australian Democrats_**_http://dbpedia.org/resource/Australian_Democrats	PoliticalParty	0.496499989329	Continent	0.38562278593	Legislature	0.370019058182	Politician	0.361707724887	President	0.361707724887	Country	0.327370212522	OfficeHolder	0.302039951859	Person	0.265628865238	Agent	0.241717054369	Organisation	0.229761148934		GOLD_STANDARD:	Agent	Organisation	PoliticalParty
Jacques Chirac_**_http://dbpedia.org/resource/Jacques_Chirac	Politician	0.4742210745	President	0.4742210745	Continent	0.416314794188	Legislature	0.23352182096	Country	0.231261669034	PoliticalParty	0.179291907137	Person	0.157556082548	OfficeHolder	0.116749616501	Agent	0.0966282492328	PopulatedPlace	0.0801632648666		GOLD_STANDARD:	Agent	Person	OfficeHolder
London Stock Exchange_**_http://dbpedia.org/resource/London_Stock_Exchange	Continent	0.269595619549	Bank	0.216376288811	Company	0.147148884991	Country	0.146071623276	Legislature	0.110025330978	Politician	0.106888217455	President	0.106888217455	Organisation	0.0940020120016	City	0.0835261230913	Agent	0.0784834283184		GOLD_STANDARD:	
Bill Clinton_**_http://dbpedia.org/resource/Bill_Clinton	Legislature	0.53842851455	OfficeHolder	0.342964972638	Person	0.308932141172	PoliticalParty	0.241784192557	Continent	0.219967995279	Agent	0.20838294219	Country	0.178749709624	Organisation	0.168163262598	Company	0.10949000869	LawFirm	0.104586614372		GOLD_STANDARD:	Agent	Person	Politician	President
Pakistan_**_http://dbpedia.org/resource/Pakistan	Legislature	0.283030795961	Country	0.251308450148	Continent	0.205202196368	Politician	0.20110002968	President	0.20110002968	Bank	0.161811315208	PoliticalParty	0.134828919479	Company	0.126903270287	Organisation	0.119681579781	Agent	0.104448458088		GOLD_STANDARD:	Place	PopulatedPlace	Country
Tommy Thompson_**_http://dbpedia.org/resource/Tommy_Thompson	LawFirm	0.408598300436	Person	0.34039085115	OfficeHolder	0.331805879568	Politician	0.26553175054	President	0.26553175054	Town	0.264705417069	Agent	0.182276568733	Region	0.140036396393	AdministrativeRegion	0.140036396393	PoliticalParty	0.124301397852		GOLD_STANDARD:	Agent	Person	OfficeHolder
S&P_**_http://dbpedia.org/resource/Standard_&_Poor's	Bank	0.149034628094	GovernmentAgency	0.12240670042	Company	0.113865154533	LawFirm	0.0956695304752	Organisation	0.0635621273261	Legislature	0.0605804128196	Country	0.060491557867	Continent	0.0504199321064	Agent	0.0498104923833	Politician	0.0338384496403		GOLD_STANDARD:	Agent	Organisation	Company	Bank
European_**_http://dbpedia.org/resource/Europe	Country	0.392816627998	Politician	0.219967995279	President	0.219967995279	PoliticalParty	0.208786530242	Legislature	0.172044702804	Bank	0.144953657008	OfficeHolder	0.116206573331	Organisation	0.112153397242	Agent	0.108154705342	Person	0.0995860798424		GOLD_STANDARD:	Place	PopulatedPlace	Continent
New York City_**_http://dbpedia.org/resource/New_York_City	President	0.258036715199	Politician	0.258036715199	Legislature	0.255491297511	Bank	0.248958379201	Continent	0.196609893267	Company	0.178298212263	PoliticalParty	0.17291644679	Organisation	0.170055527178	Agent	0.165106887336	Country	0.162640357739		GOLD_STANDARD:	Place	PopulatedPlace	Settlement	City
Reuters_**_http://dbpedia.org/resource/Reuters	Politician	0.089286806527	President	0.089286806527	Legislature	0.0890460220439	Continent	0.0860402978378	Bank	0.0817460253054	Company	0.0663359661623	Person	0.0617989568883	OfficeHolder	0.0600718186279	Country	0.0516247584532	Agent	0.046571421653		GOLD_STANDARD:	Agent	Organisation	Company
CHICAGO_**_http://dbpedia.org/resource/Chicago	Settlement	0.154196695557	Region	0.153985708473	AdministrativeRegion	0.153985708473	LawFirm	0.149224862209	City	0.131379930779	Politician	0.0866185301022	President	0.0866185301022	PopulatedPlace	0.0781302332522	Place	0.0781302332522	Person	0.0654592160936		GOLD_STANDARD:	Place	PopulatedPlace	Settlement	City
Wisc._**_http://dbpedia.org/resource/Wisconsin	GovernmentAgency	0.375684769705	Town	0.368229070063	AdministrativeRegion	0.332904189703	Region	0.332904189703	LawFirm	0.234110060039	Settlement	0.1846671188	City	0.151647821139	PopulatedPlace	0.0944318551194	Place	0.0944318551194	Person	0.0428007875822		GOLD_STANDARD:	
BUDAPEST_**_http://dbpedia.org/resource/Budapest	City	0.139931130773	Settlement	0.123048003365	Region	0.0385601595632	AdministrativeRegion	0.0385601595632	PopulatedPlace	0.0254487251973	Place	0.0254487251973	GovernmentAgency	0.0239102857389	LawFirm	0.0016340009362	Bank	-0.0672195759844	Town	-0.07200847178		GOLD_STANDARD:	Place	PopulatedPlace	Settlement	City
Michigan National Bank_**_http://dbpedia.org/resource/Michigan_National_Bank	Legislature	0.328745957754	Bank	0.321586846874	Politician	0.282048836329	President	0.282048836329	PoliticalParty	0.273875939808	Continent	0.265898848928	Town	0.235503601819	Company	0.23471200797	Organisation	0.218672666326	Country	0.208537576507		GOLD_STANDARD:	Agent	Organisation	Company	Bank
BUCHAREST_**_http://dbpedia.org/resource/Bucharest	Settlement	0.0709354100843	City	0.0666898489973	GovernmentAgency	0.00891594016518	Region	0.00171928998696	AdministrativeRegion	0.00171928998696	PopulatedPlace	-0.0112376490691	Place	-0.0112376490691	LawFirm	-0.0261093806358	PoliticalParty	-0.0315959281251	Town	-0.0418538691212		GOLD_STANDARD:	Place	PopulatedPlace	Settlement	City
AMSTERDAM_**_http://dbpedia.org/resource/Amsterdam	Continent	0.135084220824	City	0.121275220962	Settlement	0.114291398361	PopulatedPlace	0.0847967627336	Place	0.0847967627336	Region	0.0611889037815	AdministrativeRegion	0.0611889037815	Country	0.0565038911307	GovernmentAgency	0.055504465375	Bank	0.00547779366935		GOLD_STANDARD:	Place	PopulatedPlace	Settlement	City
Australia_**_http://dbpedia.org/resource/Australia	Country	0.318687420205	Continent	0.295834242457	PoliticalParty	0.259950353691	OfficeHolder	0.250249058793	Person	0.20607965242	Politician	0.180229082976	President	0.180229082976	Agent	0.173654419353	Legislature	0.161189199099	Bank	0.160702084896		GOLD_STANDARD:	Place	PopulatedPlace	Country
NYC_**_http://dbpedia.org/resource/New_York_City	GovernmentAgency	0.335704146704	Region	0.209963259811	AdministrativeRegion	0.209963259811	LawFirm	0.18237485182	Town	0.175758391169	Settlement	0.116052551327	City	0.100389879027	Person	0.0858100078674	PopulatedPlace	0.0821370186653	Place	0.0821370186653		GOLD_STANDARD:	Place	PopulatedPlace	Settlement	City
Thailand_**_http://dbpedia.org/resource/Thailand	Country	0.290181636682	Continent	0.257690446497	Bank	0.199151607492	Legislature	0.179951667129	Politician	0.153737418936	President	0.153737418936	Company	0.13861743978	Organisation	0.0970955378268	PoliticalParty	0.0918237446359	Agent	0.0837967472581		GOLD_STANDARD:	Place	PopulatedPlace	Country
Congress_**_http://dbpedia.org/resource/National_Congress_of_Brazil	Politician	0.53842851455	President	0.53842851455	PoliticalParty	0.345998404424	Person	0.193319044585	Agent	0.181239050964	Organisation	0.175199054154	Continent	0.172044702804	Country	0.170344331661	OfficeHolder	0.167429713993	Bank	0.11933522424		GOLD_STANDARD:	Agent	Organisation	Legislature
ROME_**_http://dbpedia.org/resource/Rome	City	0.152974911273	Settlement	0.129746789475	Continent	0.0930215115953	PopulatedPlace	0.060073072079	Place	0.060073072079	AdministrativeRegion	0.0314885843142	Region	0.0314885843142	LawFirm	0.00854597819388	PoliticalParty	-0.0037040728523	GovernmentAgency	-0.00813643140196		GOLD_STANDARD:	Place	PopulatedPlace	Settlement
Australian_**_http://dbpedia.org/resource/Australia	Continent	0.348782237336	Country	0.30346487561	PoliticalParty	0.299691745674	OfficeHolder	0.244643612459	Person	0.191352231338	Agent	0.1750349321	Organisation	0.167420192455	Company	0.146369147002	Politician	0.140014902943	President	0.140014902943		GOLD_STANDARD:	Place	PopulatedPlace	Country
Coalition_**_http://dbpedia.org/resource/Coalition_(Australia)	PoliticalParty	0.511552408772	Legislature	0.313744530293	Politician	0.222967284703	President	0.222967284703	Organisation	0.216387818264	Agent	0.201507738447	OfficeHolder	0.177457900578	Person	0.171747578813	Town	0.1041282823	Continent	0.0993022810022		GOLD_STANDARD:	Agent	Organisation	PoliticalParty
U.S._**_http://dbpedia.org/resource/United_States	Continent	0.495902044175	President	0.442153867196	Politician	0.442153867196	Country	0.326286278203	Legislature	0.316443440182	Bank	0.195323530901	Person	0.179150476848	PoliticalParty	0.175007558625	OfficeHolder	0.157559472106	Company	0.155582924421		GOLD_STANDARD:	Place	PopulatedPlace	Country
STATE OF OHIO_**_http://dbpedia.org/resource/Ohio	GovernmentAgency	0.261310468653	Settlement	0.14295647344	City	0.130509001106	AdministrativeRegion	0.121118318123	Region	0.121118318123	LawFirm	0.0986817834256	PopulatedPlace	0.062666266875	Place	0.062666266875	Town	0.0194684581686	Politician	-0.00972915674119		GOLD_STANDARD:	
Romania_**_http://dbpedia.org/resource/Romania	Continent	0.394730020222	Country	0.307944248612	Politician	0.266983943791	President	0.266983943791	Legislature	0.208971450657	PoliticalParty	0.171014873204	Person	0.0887010540928	Bank	0.0876242956208	PopulatedPlace	0.0857652391054	Place	0.0857652391054		GOLD_STANDARD:	Place	PopulatedPlace	Country
Fairmont_**_http://dbpedia.org/resource/Fairmont,_West_Virginia	Town	0.384166317236	AdministrativeRegion	0.193322992234	Region	0.193322992234	LawFirm	0.135343378126	Settlement	0.121036211078	City	0.0894884270106	PopulatedPlace	0.0769436797613	Place	0.0769436797613	OfficeHolder	0.0508604273323	Person	0.0402453241172		GOLD_STANDARD:	Place	PopulatedPlace	Settlement	City
Steptoe & Johnson_**_http://dbpedia.org/resource/Steptoe_&_Johnson	Town	0.295209792947	Person	0.223929197766	Bank	0.210706435018	OfficeHolder	0.19809659696	Region	0.152872606728	AdministrativeRegion	0.152872606728	Company	0.141758976397	Agent	0.134750411069	GovernmentAgency	0.131015296096	Politician	0.104586614372		GOLD_STANDARD:	Agent	Organisation	Company	LawFirm
National Bank of Hungary_**_http://dbpedia.org/resource/Hungarian_National_Bank	Continent	0.492191372688	Bank	0.389093217441	Country	0.358655761275	Legislature	0.322632150431	Politician	0.285023725198	President	0.285023725198	Company	0.272411494397	PoliticalParty	0.267071904088	Organisation	0.217849008584	Agent	0.185773812823		GOLD_STANDARD:	
French_**_http://dbpedia.org/resource/France	Continent	0.554547962236	Country	0.36719720046	Politician	0.17274525876	President	0.17274525876	PoliticalParty	0.147164577875	OfficeHolder	0.121334572336	Legislature	0.104173558476	PopulatedPlace	0.101151606782	Place	0.101151606782	Person	0.0952948233687		GOLD_STANDARD:	Place	PopulatedPlace	Country
Brazilian_**_http://dbpedia.org/resource/Brazil	Country	0.304785821035	Continent	0.28863804617	Legislature	0.249526630242	PoliticalParty	0.132220211291	Politician	0.10926874432	President	0.10926874432	Organisation	0.089040448756	Bank	0.0859666738819	PopulatedPlace	0.0853669260438	Place	0.0853669260438		GOLD_STANDARD:	Place	PopulatedPlace	Country
Greens_**_http://dbpedia.org/resource/Australian_Greens	PoliticalParty	0.429685963227	Legislature	0.18822830488	Continent	0.187156321417	Organisation	0.140499592121	Agent	0.129333114062	OfficeHolder	0.125509755852	Person	0.107000157943	Country	0.0853224647581	President	0.0632638447337	Politician	0.0632638447337		GOLD_STANDARD:	Agent	Organisation	PoliticalParty
NEW YORK_**_http://dbpedia.org/resource/New_York_City	Settlement	0.149427760217	City	0.1469220504	AdministrativeRegion	0.145083152967	Region	0.145083152967	LawFirm	0.133506331361	President	0.129799117172	Politician	0.129799117172	PopulatedPlace	0.0989501769598	Place	0.0989501769598	Bank	0.0672900661662		GOLD_STANDARD:	Place	PopulatedPlace	Settlement	City
Wisconsin_**_http://dbpedia.org/resource/Wisconsin	Town	0.3874420982	LawFirm	0.236681959354	AdministrativeRegion	0.225902810264	Region	0.225902810264	Bank	0.221791365429	Legislature	0.200044969942	Politician	0.199401521382	President	0.199401521382	PoliticalParty	0.19301250813	Person	0.19159249238		GOLD_STANDARD:	
Ivory Coast_**_http://dbpedia.org/resource/Côte_d'Ivoire	Country	0.219017500745	Continent	0.172689399895	Politician	0.138994142374	President	0.138994142374	PopulatedPlace	0.0963895433172	Place	0.0963895433172	PoliticalParty	0.0896332023727	Legislature	0.0851224251729	AdministrativeRegion	0.0676925011373	Region	0.0676925011373		GOLD_STANDARD:	
Dutch_**_http://dbpedia.org/resource/Netherlands	Continent	0.45666318629	Country	0.296435304232	PoliticalParty	0.105713074448	Bank	0.0932361225141	PopulatedPlace	0.090606449572	Place	0.090606449572	Politician	0.0821449263936	President	0.0821449263936	Company	0.0763216421427	Legislature	0.073609896727		GOLD_STANDARD:	Place	PopulatedPlace	Country
Paris_**_http://dbpedia.org/resource/Paris,_Arkansas	Continent	0.418073223432	Country	0.288961646347	Politician	0.216945179702	President	0.216945179702	PoliticalParty	0.157047972985	Legislature	0.145288994239	PopulatedPlace	0.104944436441	Place	0.104944436441	OfficeHolder	0.0958803658604	Person	0.0861224365256		GOLD_STANDARD:	Place	PopulatedPlace	Settlement	City
Riviera_**_http://dbpedia.org/resource/French_Riviera	Town	0.135637291283	President	0.102202692804	Politician	0.102202692804	Settlement	0.091550756297	PopulatedPlace	0.0768347545329	Place	0.0768347545329	City	0.0740572487866	Person	0.0704239673569	OfficeHolder	0.0687182482992	AdministrativeRegion	0.0683719328317		GOLD_STANDARD:	Place	PopulatedPlace
Karachi_**_http://dbpedia.org/resource/Karachi	Country	0.119255663624	Legislature	0.104801889967	Bank	0.062886384547	PopulatedPlace	0.0589041667594	Place	0.0589041667594	City	0.0471304030149	Company	0.0449168215498	Region	0.0412659812798	AdministrativeRegion	0.0412659812798	Politician	0.0342076644483		GOLD_STANDARD:	Place	PopulatedPlace	Settlement	City
Eau Claire_**_http://dbpedia.org/resource/Eau_Claire,_Wisconsin	Town	0.505122010588	LawFirm	0.381915181443	AdministrativeRegion	0.265579596201	Region	0.265579596201	Person	0.147076667278	GovernmentAgency	0.136445748819	Settlement	0.133975476148	OfficeHolder	0.130958394675	PopulatedPlace	0.078687693808	Place	0.078687693808		GOLD_STANDARD:	Place	PopulatedPlace	Settlement	City
Milan_**_http://dbpedia.org/resource/Milan	Continent	0.228252564388	Country	0.20496416055	PoliticalParty	0.0839019738042	PopulatedPlace	0.0808357310767	Place	0.0808357310767	Politician	0.0806427221272	President	0.0806427221272	Legislature	0.0779420502629	City	0.0591266536265	Settlement	0.0460402626651		GOLD_STANDARD:	Place	PopulatedPlace	Settlement
Detroit_**_http://dbpedia.org/resource/Detroit	Town	0.300923243897	Politician	0.204224328644	President	0.204224328644	Legislature	0.182064535523	AdministrativeRegion	0.180066983184	Region	0.180066983184	OfficeHolder	0.171962727178	Person	0.164803001762	PoliticalParty	0.136371120673	Agent	0.127348897077		GOLD_STANDARD:	Place	PopulatedPlace	Settlement	City
Fairview_**_http://dbpedia.org/resource/Fairview,_Texas	LawFirm	0.295209792947	AdministrativeRegion	0.225753530706	Region	0.225753530706	GovernmentAgency	0.159379879276	Bank	0.157465974471	Company	0.135324304206	Person	0.11235385702	OfficeHolder	0.104997181136	Settlement	0.102773681543	Agent	0.0892828095691		GOLD_STANDARD:	Place	PopulatedPlace	Settlement	Town
Charleston_**_http://dbpedia.org/resource/Charleston,_West_Virginia	Town	0.410835318891	Region	0.316873888823	AdministrativeRegion	0.316873888823	LawFirm	0.189262300725	GovernmentAgency	0.182297129625	Politician	0.167733033153	President	0.167733033153	Person	0.147319046696	Settlement	0.142034114282	OfficeHolder	0.124270166249		GOLD_STANDARD:	Place	PopulatedPlace	Settlement
France_**_http://dbpedia.org/resource/France	Continent	0.51585238408	Country	0.366745932855	Politician	0.196309092135	President	0.196309092135	PoliticalParty	0.167801138402	Legislature	0.165227786096	OfficeHolder	0.106043290387	PopulatedPlace	0.103230417389	Place	0.103230417389	Person	0.0819397837335		GOLD_STANDARD:	Place	PopulatedPlace	Country
Hartford_**_http://dbpedia.org/resource/Hartford,_Connecticut	GovernmentAgency	0.297542878811	Town	0.277719062858	Region	0.16998003707	AdministrativeRegion	0.16998003707	Bank	0.169777036849	LawFirm	0.146747853607	Person	0.142637856271	OfficeHolder	0.141099684725	Agent	0.133774044513	Company	0.130833269099		GOLD_STANDARD:	Place	PopulatedPlace	Settlement
Bangkok_**_http://dbpedia.org/resource/Bangkok	Bank	0.177969029238	Country	0.158375526746	Company	0.137783077008	Politician	0.133533366109	President	0.133533366109	Continent	0.104258989022	Organisation	0.103737410198	Legislature	0.0960622081623	Agent	0.0920563050897	PoliticalParty	0.0828448746878		GOLD_STANDARD:	
Thompson_**_http://dbpedia.org/resource/Tommy_Thompson	OfficeHolder	0.318554797004	Person	0.300878744206	LawFirm	0.294360828701	Town	0.21279354346	Politician	0.192516503787	President	0.192516503787	Agent	0.182697244346	PoliticalParty	0.144856070995	Legislature	0.143617513449	Organisation	0.135424644402		GOLD_STANDARD:	Agent	Person	OfficeHolder
John Howard_**_http://dbpedia.org/resource/John_Howard	OfficeHolder	0.443764600844	Person	0.423492275263	Politician	0.422608098402	President	0.422608098402	PoliticalParty	0.288383790045	LawFirm	0.250671123984	Agent	0.247779259208	Continent	0.193455434387	Organisation	0.177494052786	Legislature	0.176702626497		GOLD_STANDARD:	Agent	Person	OfficeHolder
FSA_**_http://dbpedia.org/resource/Financial_Services_Authority	AdministrativeRegion	0.170581077142	Region	0.170581077142	Town	0.159379879276	LawFirm	0.131015296096	Bank	0.0830630449726	Company	0.0648417022956	Settlement	0.060316906663	Person	0.0522729729014	PopulatedPlace	0.0455268354786	Place	0.0455268354786		GOLD_STANDARD:	Agent	Organisation	GovernmentAgency
Akron_**_http://dbpedia.org/resource/Akron,_Ohio	Town	0.418504374265	AdministrativeRegion	0.249264818655	Region	0.249264818655	Settlement	0.137485602451	GovernmentAgency	0.13330015592	LawFirm	0.11323249181	PopulatedPlace	0.105468687978	Place	0.105468687978	City	0.092558683783	Bank	0.091370653165		GOLD_STANDARD:	Place	PopulatedPlace	Settlement	City
Amsterdam_**_http://dbpedia.org/resource/Amsterdam	Continent	0.435484210933	Country	0.192000959243	Politician	0.113777961503	President	0.113777961503	PoliticalParty	0.102002221199	PopulatedPlace	0.0873990984686	Place	0.0873990984686	Legislature	0.0765560995209	City	0.0546972338576	Settlement	0.0520457869323		GOLD_STANDARD:	Place	PopulatedPlace	Settlement	City
GMT_**_http://dbpedia.org/resource/Greenwich_Mean_Time	Continent	0.176536387816	Country	0.0939458827989	Politician	0.046222131289	President	0.046222131289	City	0.0418447335294	PopulatedPlace	0.0371213071649	Place	0.0371213071649	PoliticalParty	0.0368691568681	Bank	0.0367222914069	Settlement	0.0302590696229		GOLD_STANDARD:	
